,From_Node,To_Node
p1,n61,n62
p2,n66,n64
p3,n90,n86
p4,n70,n71
p5,n2,n3
p6,n12,n14
p7,n6,n9
p8,n30,n22
p9,n67,n66
p10,n46,n48
p11,n10,n7
p12,n9,n4
p13,n27,n31
p14,n16,n14
p15,n16,n15
p16,n18,n16
p17,n20,n18
p18,n24,n18
p19,n21,n25
p20,n28,n26
p21,n34,n27
p22,n28,n33
p23,n32,n29
p24,n32,n36
p25,n35,n33
p26,n37,n34
p27,n38,n35
p28,n36,n41
p29,n45,n37
p30,n37,n39
p31,n42,n40
p32,n43,n42
p33,n45,n43
p34,n55,n50
p35,n51,n53
p36,n52,n56
p37,n54,n57
p38,n60,n61
p39,n65,n61
p40,n64,n62
p41,n63,n65
p42,n73,n72
p43,n74,n73
p44,n76,n74
p45,n78,n76
p46,n79,n77
p47,n80,n78
p48,n81,n79
p49,n86,n85
p50,n89,n91
p51,n91,n92
p52,n91,n88
p53,n235,n238
p54,n279,n278
p55,n269,n267
p56,n310,n312
p57,n218,n219
p58,n277,n278
p59,n273,n268
p60,n308,n309
p61,n286,n280
p62,n280,n275
p63,n280,n283
p64,n294,n293
p65,n287,n291
p66,n245,n240
p67,n250,n249
p68,n258,n259
p69,n314,n316
p70,n302,n297
p71,n328,n327
p72,n242,n246
p73,n236,n242
p74,n233,n236
p75,n231,n233
p76,n227,n231
p77,n301,n302
p78,n254,n253
p79,n221,n222
p80,n239,n235
p81,n121,n126
p82,n118,n121
p83,n175,n177
p84,n159,n162
p85,n193,n190
p86,n150,n153
p87,n156,n157
p88,n168,n171
p89,n133,n141
p90,n122,n120
p91,n145,n146
p92,n107,n109
p93,n188,n189
p94,n194,n193
p95,n97,n94
p96,n96,n99
p97,n102,n99
p98,n103,n101
p99,n102,n106
p100,n107,n102
p101,n103,n107
p102,n114,n104
p103,n104,n108
p104,n113,n105
p105,n115,n110
p106,n110,n112
p107,n120,n113
p108,n116,n114
p109,n114,n119
p110,n111,n115
p111,n125,n116
p112,n127,n131
p113,n134,n137
p114,n136,n147
p115,n138,n143
p116,n139,n135
p117,n140,n144
p118,n141,n145
p119,n155,n144
p120,n146,n149
p121,n147,n148
p122,n148,n151
p123,n155,n159
p124,n157,n160
p125,n160,n164
p126,n161,n163
p127,n162,n169
p128,n166,n168
p129,n170,n167
p130,n169,n176
p131,n174,n170
p132,n171,n173
p133,n172,n175
p134,n173,n174
p135,n177,n179
p136,n178,n180
p137,n183,n185
p138,n180,n186
p139,n180,n181
p140,n186,n192
p141,n189,n195
p142,n192,n196
p143,n197,n199
p144,n202,n201
p145,n206,n205
p146,n205,n208
p147,n217,n215
p148,n209,n210
p149,n211,n209
p150,n210,n213
p151,n212,n216
p152,n212,n215
p153,n223,n221
p154,n224,n223
p155,n226,n227
p156,n228,n232
p157,n231,n234
p158,n235,n232
p159,n233,n237
p160,n236,n243
p161,n241,n239
p162,n242,n247
p163,n251,n244
p164,n248,n249
p165,n257,n250
p166,n258,n252
p167,n260,n256
p168,n267,n262
p169,n269,n273
p170,n270,n276
p171,n271,n274
p172,n274,n281
p173,n281,n282
p174,n282,n286
p175,n283,n289
p176,n293,n284
p177,n284,n290
p178,n289,n293
p179,n291,n292
p180,n292,n295
p181,n296,n292
p182,n300,n298
p183,n299,n305
p184,n308,n301
p185,n305,n306
p186,n316,n311
p187,n312,n313
p188,n319,n314
p189,n316,n320
p190,n321,n317
p191,n322,n323
p192,n326,n325
p193,n327,n326
p194,n331,n328
p195,n246,n217
p196,n98,n95
p197,n124,n122
p198,n130,n133
p199,n137,n142
p200,n154,n156
p201,n163,n167
p202,n164,n166
p203,n174,n178
p204,n179,n183
p205,n181,n182
p206,n185,n188
p207,n208,n209
p208,n220,n221
p209,n244,n241
p210,n249,n245
p211,n255,n251
p212,n261,n260
p213,n263,n267
p214,n266,n264
p215,n273,n277
p216,n307,n304
p217,n306,n308
p218,n309,n310
p219,n317,n315
p220,n320,n322
p221,n323,n324
p222,n324,n325
p223,n105,n103
p224,n334,n136
p225,n333,n334
p226,n332,n143
p227,R1,n303
p228,n128,n130
p229,n129,n69
p230,n70,n67
p231,n144,n80
p232,n191,n184
p233,n152,n158
p234,n124,n128
p235,R2,n336
p236,n210,n212
p237,n198,n341
p238,n151,n154
p239,T1,n343
p240,n343,n44
p241,n8,n5
p242,n11,n8
p243,n13,n11
p244,n13,n17
p245,n21,n17
p246,n344,n10
p247,n15,n344
p248,n346,n24
p249,n29,n345
p250,n345,n19
p251,n23,n31
p252,n20,n23
p253,n347,n1
p254,n348,n347
p255,n349,n348
p256,n350,n349
p257,n351,n350
p258,n7,n351
p259,n352,n2
p260,n10,n352
p261,n353,n3
p262,n354,n353
p263,n344,n354
p264,n5,n355
p265,n355,n356
p266,n356,n12
p267,n357,n6
p268,n14,n357
p269,n358,n7
p270,n359,n358
p271,n22,n359
p272,n360,n8
p273,n361,n360
p274,n20,n361
p275,n362,n10
p276,n363,n362
p277,n19,n363
p278,n364,n11
p279,n365,n364
p280,n23,n365
p281,n366,n13
p282,n367,n366
p283,n26,n367
p284,n368,n15
p285,n345,n368
p286,n369,n17
p287,n370,n369
p288,n33,n370
p289,n19,n371
p290,n371,n344
p291,n372,n20
p292,n27,n372
p293,n373,n21
p294,n35,n373
p295,n374,n22
p296,n375,n374
p297,n376,n375
p298,n29,n376
p299,n377,n23
p300,n26,n377
p301,n24,n378
p302,n378,n379
p303,n379,n345
p304,n380,n28
p305,n42,n380
p306,n381,n30
p307,n382,n381
p308,n383,n382
p309,n36,n383
p310,n384,n32
p311,n346,n384
p312,n34,n385
p313,n385,n346
p314,n386,n38
p315,n40,n386
p316,n44,n387
p317,n387,n388
p318,n388,n45
p319,n44,n389
p320,n389,n346
p321,n47,n390
p322,n390,n391
p323,n391,n392
p324,n392,n60
p325,n393,n47
p326,n394,n393
p327,n395,n394
p328,n396,n395
p329,n397,n396
p330,n398,n397
p331,n399,n398
p332,n75,n399
p333,n400,n48
p334,n401,n400
p335,n59,n401
p336,n48,n402
p337,n402,n403
p338,n404,n403
p339,n50,n404
p340,n405,n49
p341,n57,n405
p342,n406,n51
p343,n58,n406
p344,n407,n52
p345,n58,n407
p346,n408,n54
p347,n62,n408
p348,n409,n55
p349,n59,n409
p350,n410,n55
p351,n411,n410
p352,n68,n411
p353,n56,n412
p354,n412,n413
p355,n413,n67
p356,n414,n57
p357,n66,n414
p358,n415,n58
p359,n117,n415
p360,n416,n59
p361,n417,n416
p362,n68,n417
p363,n418,n62
p364,n419,n418
p365,n72,n419
p366,n420,n63
p367,n421,n420
p368,n422,n421
p369,n423,n422
p370,n424,n423
p371,n82,n424
p372,n425,n64
p373,n426,n425
p374,n73,n426
p375,n427,n65
p376,n428,n427
p377,n429,n428
p378,n430,n429
p379,n431,n430
p380,n432,n431
p381,n433,n432
p382,n85,n433
p383,n434,n68
p384,n75,n434
p385,n69,n435
p386,n435,n70
p387,n436,n72
p388,n77,n436
p389,n437,n74
p390,n79,n437
p391,n438,n75
p392,n82,n438
p393,n76,n439
p394,n439,n81
p395,n440,n77
p396,n441,n440
p397,n442,n441
p398,n87,n442
p399,n443,n78
p400,n444,n443
p401,n84,n444
p402,n80,n445
p403,n445,n84
p404,n446,n81
p405,n447,n446
p406,n448,n447
p407,n89,n448
p408,n449,n82
p409,n85,n449
p410,n450,n83
p411,n451,n450
p412,n90,n451
p413,n84,n452
p414,n452,n453
p415,n453,n89
p416,n454,n87
p417,n455,n454
p418,n456,n455
p419,n457,n456
p420,n93,n457
p421,n458,n89
p422,n459,n458
p423,n460,n459
p424,n169,n460
p425,n461,n90
p426,n462,n461
p427,n340,n462
p428,n463,n93
p429,n464,n463
p430,n465,n464
p431,n184,n465
p432,n466,n93
p433,n467,n466
p434,n342,n467
p435,n94,n468
p436,n468,n98
p437,n94,n469
p438,n469,n470
p439,n470,n471
p440,n471,n95
p441,n95,n472
p442,n472,n96
p443,n473,n96
p444,n101,n473
p445,n474,n97
p446,n100,n474
p447,n475,n97
p448,n476,n475
p449,n110,n476
p450,n98,n477
p451,n477,n101
p452,n99,n478
p453,n478,n479
p454,n479,n480
p455,n480,n481
p456,n481,n104
p457,n482,n100
p458,n112,n482
p459,n100,n483
p460,n483,n105
p461,n106,n484
p462,n484,n485
p463,n485,n116
p464,n108,n486
p465,n486,n118
p466,n108,n487
p467,n119,n487
p468,n109,n488
p469,n488,n489
p470,n489,n490
p471,n490,n125
p472,n112,n491
p473,n491,n120
p474,n113,n492
p475,n492,n493
p476,n493,n123
p477,n115,n494
p478,n494,n124
p479,n115,n495
p480,n495,n128
p481,n496,n117
p482,n497,n496
p483,n130,n497
p484,n117,n498
p485,n498,n129
p486,n119,n499
p487,n499,n127
p488,n120,n500
p489,n500,n501
p490,n501,n502
p491,n502,n136
p492,n503,n121
p493,n127,n503
p494,n122,n504
p495,n504,n505
p496,n505,n334
p497,n123,n506
p498,n506,n132
p499,n123,n507
p500,n507,n508
p501,n508,n509
p502,n509,n134
p503,n124,n510
p504,n510,n511
p505,n511,n333
p506,n125,n512
p507,n512,n513
p508,n513,n134
p509,n126,n514
p510,n514,n515
p511,n515,n516
p512,n516,n139
p513,n128,n517
p514,n517,n518
p515,n518,n332
p516,n129,n519
p517,n519,n140
p518,n520,n129
p519,n521,n520
p520,n141,n521
p521,n130,n522
p522,n522,n138
p523,n132,n523
p524,n523,n137
p525,n524,n132
p526,n136,n524
p527,n138,n525
p528,n525,n145
p529,n139,n526
p530,n526,n527
p531,n527,n152
p532,n528,n140
p533,n529,n528
p534,n150,n529
p535,n142,n530
p536,n530,n152
p537,n142,n531
p538,n531,n147
p539,n143,n532
p540,n532,n149
p541,n143,n533
p542,n533,n156
p543,n534,n144
p544,n535,n534
p545,n536,n535
p546,n161,n536
p547,n146,n537
p548,n537,n150
p549,n538,n148
p550,n334,n538
p551,n149,n539
p552,n539,n157
p553,n540,n151
p554,n333,n540
p555,n541,n154
p556,n332,n541
p557,n542,n155
p558,n543,n542
p559,n163,n543
p560,n157,n544
p561,n544,n165
p562,n158,n545
p563,n545,n546
p564,n546,n547
p565,n547,n548
p566,n548,n165
p567,n158,n549
p568,n549,n550
p569,n550,n172
p570,n551,n159
p571,n552,n551
p572,n167,n552
p573,n160,n553
p574,n553,n554
p575,n554,n555
p576,n555,n177
p577,n556,n161
p578,n168,n556
p579,n557,n162
p580,n170,n557
p581,n164,n558
p582,n558,n559
p583,n559,n560
p584,n560,n561
p585,n561,n179
p586,n165,n562
p587,n562,n172
p588,n166,n563
p589,n563,n564
p590,n564,n565
p591,n565,n566
p592,n566,n185
p593,n567,n169
p594,n568,n567
p595,n178,n568
p596,n171,n569
p597,n569,n570
p598,n570,n571
p599,n571,n572
p600,n572,n188
p601,n173,n573
p602,n573,n574
p603,n574,n575
p604,n575,n576
p605,n189,n576
p606,n577,n176
p607,n181,n577
p608,n176,n578
p609,n578,n184
p610,n182,n579
p611,n579,n184
p612,n580,n186
p613,n193,n580
p614,n581,n187
p615,n582,n581
p616,n195,n582
p617,n191,n583
p618,n583,n584
p619,n584,n585
p620,n585,n198
p621,n586,n191
p622,n587,n586
p623,n196,n587
p624,n588,n192
p625,n194,n588
p626,n589,n194
p627,n590,n589
p628,n197,n590
p629,n195,n591
p630,n591,n197
p631,n592,n196
p632,n593,n592
p633,n594,n593
p634,n595,n594
p635,n199,n595
p636,n196,n596
p637,n596,n597
p638,n597,n598
p639,n598,n200
p640,n599,n198
p641,n600,n599
p642,n601,n600
p643,n203,n601
p644,n602,n198
p645,n603,n602
p646,n200,n603
p647,n199,n604
p648,n604,n605
p649,n605,n606
p650,n606,n607
p651,n607,n204
p652,n199,n608
p653,n608,n609
p654,n609,n610
p655,n610,n611
p656,n611,n612
p657,n612,n613
p658,n613,n200
p659,n200,n614
p660,n614,n201
p661,n615,n200
p662,n616,n615
p663,n617,n616
p664,n204,n617
p665,n201,n618
p666,n618,n203
p667,n619,n202
p668,n620,n619
p669,n621,n620
p670,n214,n621
p671,n204,n622
p672,n622,n214
p673,n623,n206
p674,n226,n623
p675,n624,n207
p676,n210,n624
p677,n208,n625
p678,n625,n337
p679,n626,n211
p680,n233,n626
p681,n627,n218
p682,n220,n627
p683,n218,n628
p684,n628,n629
p685,n629,n335
p686,n630,n219
p687,n222,n630
p688,n219,n631
p689,n631,n338
p690,n632,n220
p691,n633,n632
p692,n634,n633
p693,n635,n634
p694,n636,n635
p695,n230,n636
p696,n222,n637
p697,n637,n638
p698,n638,n639
p699,n639,n640
p700,n640,n641
p701,n641,n229
p702,n642,n223
p703,n643,n642
p704,n644,n643
p705,n232,n644
p706,n645,n223
p707,n646,n645
p708,n647,n646
p709,n648,n647
p710,n228,n648
p711,n649,n224
p712,n650,n649
p713,n651,n650
p714,n235,n651
p715,n652,n224
p716,n225,n652
p717,n653,n225
p718,n654,n653
p719,n239,n654
p720,n655,n225
p721,n656,n655
p722,n657,n656
p723,n241,n657
p724,n658,n228
p725,n240,n658
p726,n659,n230
p727,n660,n659
p728,n248,n660
p729,n661,n240
p730,n662,n661
p731,n663,n662
p732,n252,n663
p733,n245,n664
p734,n664,n665
p735,n665,n666
p736,n666,n258
p737,n246,n667
p738,n667,n254
p739,n668,n248
p740,n669,n668
p741,n670,n669
p742,n671,n670
p743,n672,n671
p744,n271,n672
p745,n673,n251
p746,n674,n673
p747,n675,n674
p748,n260,n675
p749,n676,n252
p750,n255,n676
p751,n677,n255
p752,n264,n677
p753,n257,n678
p754,n678,n265
p755,n679,n257
p756,n680,n679
p757,n263,n680
p758,n681,n261
p759,n682,n681
p760,n272,n682
p761,n262,n683
p762,n683,n264
p763,n684,n263
p764,n685,n684
p765,n686,n685
p766,n283,n686
p767,n687,n266
p768,n270,n687
p769,n688,n266
p770,n278,n688
p771,n689,n269
p772,n690,n689
p773,n284,n690
p774,n691,n270
p775,n272,n691
p776,n692,n271
p777,n693,n692
p778,n694,n693
p779,n695,n694
p780,n696,n695
p781,n298,n696
p782,n697,n272
p783,n698,n697
p784,n285,n698
p785,n699,n273
p786,n700,n699
p787,n290,n700
p788,n274,n701
p789,n701,n702
p790,n702,n287
p791,n703,n277
p792,n704,n703
p793,n705,n704
p794,n290,n705
p795,n279,n706
p796,n706,n288
p797,n707,n279
p798,n285,n707
p799,n708,n281
p800,n295,n708
p801,n709,n282
p802,n710,n709
p803,n711,n710
p804,n712,n711
p805,n311,n712
p806,n713,n285
p807,n714,n713
p808,n715,n714
p809,n716,n715
p810,n717,n716
p811,n313,n717
p812,n718,n286
p813,n719,n718
p814,n720,n719
p815,n721,n720
p816,n722,n721
p817,n723,n722
p818,n320,n723
p819,n287,n724
p820,n724,n725
p821,n725,n304
p822,n726,n289
p823,n727,n726
p824,n728,n727
p825,n729,n728
p826,n730,n729
p827,n731,n730
p828,n322,n731
p829,n732,n294
p830,n299,n732
p831,n294,n733
p832,n733,n734
p833,n734,n301
p834,n735,n295
p835,n736,n735
p836,n307,n736
p837,n737,n296
p838,n304,n737
p839,n298,n738
p840,n738,n739
p841,n739,n740
p842,n740,n314
p843,n741,n299
p844,n742,n741
p845,n743,n742
p846,n744,n743
p847,n745,n744
p848,n323,n745
p849,n300,n746
p850,n746,n747
p851,n747,n748
p852,n748,n749
p853,n749,n319
p854,n302,n750
p855,n750,n310
p856,n751,n305
p857,n752,n751
p858,n753,n752
p859,n754,n753
p860,n755,n754
p861,n324,n755
p862,n756,n306
p863,n757,n756
p864,n318,n757
p865,n758,n307
p866,n311,n758
p867,n309,n759
p868,n759,n315
p869,n760,n312
p870,n317,n760
p871,n761,n313
p872,n321,n761
p873,n315,n762
p874,n318,n762
p875,n763,n318
p876,n764,n763
p877,n325,n764
p878,n319,n765
p879,n765,n766
p880,n766,n767
p881,n767,n768
p882,n768,n769
p883,n769,n770
p884,n770,n329
p885,n771,n321
p886,n772,n771
p887,n773,n772
p888,n330,n773
p889,n329,n774
p890,n774,n331
p891,n775,n330
p892,n331,n775
p893,n335,n776
p894,n776,n340
p895,n338,n777
p896,n777,n339
p897,n338,n778
p898,n778,n779
p899,n779,n342
p900,n780,n338
p901,n781,n780
p902,n341,n781
p903,n341,n782
p904,n782,n342
p905,n47,n46
PUMP_1,n54,T1
PRV-1,n303,n300
PRV-2,n336,n111
PRV-3,n229,n226
